filename,timestamp_seconds
frame_001_t00.00s.webp,0.0
frame_002_t00.25s.webp,0.25
frame_003_t00.50s.webp,0.5
frame_004_t00.75s.webp,0.75
frame_005_t01.00s.webp,1.0
frame_006_t01.25s.webp,1.25
frame_007_t01.50s.webp,1.5
frame_008_t01.75s.webp,1.75
frame_009_t02.00s.webp,2.0
frame_010_t02.25s.webp,2.25
frame_011_t02.50s.webp,2.5
frame_012_t02.75s.webp,2.75
frame_013_t03.00s.webp,3.0
frame_014_t03.25s.webp,3.25
frame_015_t03.50s.webp,3.5
frame_016_t03.75s.webp,3.75
frame_017_t04.00s.webp,4.0
frame_018_t04.08s.webp,4.083
frame_019_t04.17s.webp,4.167
frame_020_t04.25s.webp,4.25
frame_021_t04.33s.webp,4.333
frame_022_t04.42s.webp,4.417
frame_023_t04.50s.webp,4.5
frame_024_t04.58s.webp,4.583
frame_025_t04.67s.webp,4.667
frame_026_t04.75s.webp,4.75
frame_027_t04.83s.webp,4.833
frame_028_t04.92s.webp,4.917
frame_029_t05.00s.webp,5.0
frame_030_t05.08s.webp,5.083
frame_031_t05.17s.webp,5.167
frame_032_t05.25s.webp,5.25
frame_033_t05.33s.webp,5.333
frame_034_t05.42s.webp,5.417
frame_035_t05.50s.webp,5.5
frame_036_t05.75s.webp,5.75
frame_037_t06.00s.webp,6.0
frame_038_t06.25s.webp,6.25
frame_039_t06.50s.webp,6.5
frame_040_t06.75s.webp,6.75
frame_041_t07.00s.webp,7.0
frame_042_t07.25s.webp,7.25
frame_043_t07.50s.webp,7.5
frame_044_t07.75s.webp,7.75
frame_045_t08.00s.webp,8.0
frame_046_t08.25s.webp,8.25
frame_047_t08.50s.webp,8.5
frame_048_t08.58s.webp,8.583
frame_049_t08.67s.webp,8.667
frame_050_t08.75s.webp,8.75
frame_051_t08.83s.webp,8.833
frame_052_t08.92s.webp,8.917
frame_053_t09.00s.webp,9.0
frame_054_t09.08s.webp,9.083
frame_055_t09.17s.webp,9.167
frame_056_t09.25s.webp,9.25
frame_057_t09.33s.webp,9.333
frame_058_t09.42s.webp,9.417
frame_059_t09.50s.webp,9.5
frame_060_t09.75s.webp,9.75
